"",Gender,Role,Betweenness
HOLLY,1,1,78.3333358764648
BRAZEY,1,1,0
CAROL,1,1,1.33333337306976
PAM,1,1,32.5
PAT,1,1,39.5
JENNIE,1,1,6.33333349227905
PAULINE,1,1,12.5
ANN,1,1,0.5
MICHAEL,2,1,58.8333320617676
BILL,2,1,0
LEE,2,1,5
DON,2,1,16.3333339691162
JOHN,2,1,0
HARRY,2,1,2.33333325386047
GERY,2,2,54.6666679382324
STEVE,2,2,16.8333339691162
BERT,2,2,13.6666669845581
RUSS,2,2,47.3333320617676
